Part Name,HSCODE,UOM
BOLT FLG,7318159000,KGM
"BOLT,HEX. SOCKET BUTTON",7318159000,KGM
RIVET,3926904900,KGM
CATALYST 1,8714109000,KGM
AIR FILTER ASSY.,8714109000,KGM
FUEL PUMP COMP.,8413309000,UNIT
"HOSE,FUEL 1",4009429000,KGM
"HOSE,BRAKE 1",4009429000,KGM
CAP ASSY.,8714109000,KGM
SEAT LOCK ASSY.,8714109000,KGM
IGN.COIL ASSY.,8511109000,UNIT
"SW.,HANDLE 3",8536509990,KGM
"SW.,HANDLE 1",8536509990,KGM
FR. STOP SWITCH ASSY.,8536509990,KGM
STOP SWITCH ASSY.,8536509990,KGM
SENDER,9026103000,UNIT
PLUG CAP ASSY.,8536509990,KGM
BAND,8714109000,KGM
"FR. CALIPER ASSY.,RH.",8714109000,KGM
"AXLE,WHEEL FR.",8714109000,KGM
"AXLE,WHEEL RR.",8714109000,KGM
RR BRAKE SHOE COMP SET,8714109000,KGM
"ROD,BRAKE",8714109000,KGM
"SHAFT,PIVOT",8714109000,KGM
LEVER 2,8714109000,KGM
FR. MASTER CYLINDER ASSY.,8714109000,KGM
"CAP,BOLT",8714109000,KGM
"DAMPER,2",8714109000,KGM
"DAMPER,1",8714109000,KGM
ENG. CONT. UNIT ASSY.,8511109000,UNIT
SEAL,4016939010,KGM
"SEAL,OIL",4016939010,KGM
"BOLT,HEX.",7318159000,KGM
"BOLT,FLG.",7318159000,KGM
BOLT,7318159000,KGM
"BOLT,HEX.SOCKET W/WASHER",7318159000,KGM
"BOLT,HEX. W/WASHER",7318159000,KGM
"BOLT,UNION",7318159000,KGM
"BOLT,HEX. SOCKET HEAD",7318159000,KGM
"BOLT,HEX.SOCKET HEAD",7318159000,KGM
BOLT HEX SOCKET HEAD,7318159000,KGM
"BOLT,BUTTON HEAD",7318159000,KGM
"BOLT,FLG(SMALL HEAD)",7318159000,KGM
"BOLT,FLG.(SMALL HEAD)",7318159000,KGM
"BOLT,FLG. (SMALL HEAD)",7318159000,KGM
"BOLT, FLG. (SMALL HEAD)",7318159000,KGM
"BOLT,FLG. DEEP RECESS",7318159000,KGM
"BOLT,HEX",7318159000,KGM
"BOLT,HEX. HEAD W/WASHER",7318159000,KGM
"BOLT.,FLG",7318159000,KGM
"SCREW,W/WASHER",7318159000,KGM
"SCREW,TRUSS HEAD TAPPING",7318159000,KGM
"SCREW,PAN HEAD(+)",7318159000,KGM
SCREW PAN HEAD(+),7318159000,KGM
"NUT,HEX.",7318169000,KGM
NUT,7318169000,KGM
"NUT,SELF-LOCKING",7318169000,KGM
"NUT,FLG.",7318169000,KGM
"WASHER,PLAIN",7318220000,KGM
"WASHER,WAVE",7318220000,KGM
COLLAR,8714109000,KGM
CLAMP,7326903000,KGM
CLIP,7326903000,KGM
"PIN,SPLIT",7318240000,KGM
RECTIFIER REGULATOR ASSY.,8504409000,UNIT
SMOOTHING CONDENSER ASSY.,8714109000,KGM
MAIN SWITCH COMP.,8536509990,KGM
"GSKT.,MUFF. JT.",8484900000,KGM
"BUSH.,1",8714109000,KGM
"SPRG.,TENSION",7320209000,KGM
"REFLECTOR,1",8512209100,UNIT
"RACE,BALL 1",8482990000,KGM
"RACE,BALL 2",8482990000,KGM
"RETAINER,BALL BEARING",8482990000,KGM
NUT U,7318169000,KGM
"NUT, SELF-LOCKING",7318169000,KGM
"NUT, U FLANGE",7318169000,KGM
SHOCK ABSORBER RR.,8714109000,KGM
"BOLT, FLG",7318159000,KGM
FLASHER RELAY ASSY.,8536419900,KGM
GEAR DRIVE,8483409000,UNIT
GEAR METER,8483409000,UNIT
NUT WELD,7318169000,KGM
"PIN,DOWEL",7318240000,KGM
RING(STOP),4016932000,KGM
SCREW,7318159000,KGM
SCREW BINDING HEAD,7318159000,KGM
SPRING.TENSION,7320209000,KGM
WASHER,7318220000,KGM
"CARB.ASSY .,1",8714109000,KGM
GEAR UNIT ASSY,8714109000,KGM
CDI. UNIT ASSY.,8714109000,KGM
RAD. ASSY.,8714109000,KGM
"HOSE,1",4009429000,KGM
"BRKT.,1",8714109000,KGM
"BRKT.,3",8714109000,UNIT
CAP,8714109000,KGM
FUEL COCK ASSY.,8481101900,KGM
RR. BRAKE SHOE COMP. SET,8714109000,KGM
SHAFT,8714109000,KGM
"SCREW,PAN HEAD W/WASHER",7318159000,KGM
"SCREW,PAN HEAD (+)",7318159000,KGM
"WASHER,PLAIN",4016939090,KGM
HOSE CLAMP ASSY,4009429000,KGM
AIR FILTER ASSY,8714109000,KGM
SW. HANDLE 1,8536509990,KGM
PLUG CAP ASSY.,8536909900,KGM
IGN. COIL ASSY,8511109000,KGM
SHAFT PIVOT,8714109000,KGM
"PULLER,CHAIN 1",8714109000,KGM
"PULLER,CHAIN 2",8714109000,KGM
HOSE BRAKE 1,4009429000,KGM
MAIN SW. SET,8536506900,KGM
"BAND,SWITCH CORD",8714109000,KGM
"COVER,BALL RACE 2",8714109000,KGM
"BOLT,HEX.W/WASHER",7318159000,KGM
"BOLT,STUD",7318159000,KGM
BOLT.HEX.W/WASHER,7318159000,KGM
"SCREW, PAN HEAD (+)",7318159000,KGM
"NUT,WING",7318169000,KGM
"WASHER, PLAIN",7318220000,KGM
"PIN,SPLIT",7318239000,KGM
STOPPER,8714109000,KGM
SW. HANDLE 3,8536509990,KGM
"TANK,RECOVERY",8714109000,KGM
PIPE BREATHER 1,8714109000,KGM
"JT., CARBURETOR 1",8714109000,KGM
"BOSS,WIRE HOLDER",8714109000,KGM
"HOLDER, BRAKE HOSE 4",8714109000,KGM
"BUSH., 1",8714109000,KGM
SPRG. TENSION,7320209000,KGM
REFLECTOR 1,8714991100,KGM
RECTIFIER REGULATOR ASSY.,8504403000,UNIT
"NUT,U FLANGE",7318169000,KGM
"BOLT,FLANGE",7318159000,KGM
"BOLT,HEXAGON SO",7318159000,KGM
CLIP,7326909990,KGM
NUT SELF LOCKING,7318169000,KGM
"NUT,SPRING",7318169000,KGM
"NUT,U",7318169000,KGM
"NUT,WELD",7318169000,KGM
SCREW W/WASHER,7318159000,KGM
HOOK,8714109000,KGM
"BOLT, HEX,W/WASHER",7318159000,KGM
"NUT, SPRG.",7318169000,KGM
RELAY ASSY.,8536499000,KGM
"CATALYST, 1",3815120000,KGM
"PIPE,BREATHER 1",8714109000,KGM
"PIPE,SILENCER 1",8714109000,KGM
"HOSE, BRAKE 1",4009429000,KGM
"CAP,INJECTOR",8714109000,KGM
"RR. CALIPER ASSY.,RH.",8714109000,KGM
RR. MASTER CYL. ASSY.2,8714109000,KGM
"HANGER,HELMET",8714109000,KGM
"HOLDER,BRAKE HOSE 4",8714109000,KGM
"FOOTREST,REAR 1",8714109000,KGM
"FOOTREST,REAR 2",8714109000,KGM
"PLUG,BLIND",8536909900,KGM
"SENSOR,LEAN ANGLE",9031809000,UNIT
LICENSE LIGHT ASSY.,8512202000,UNIT
IGN. COIL ASSY.,8511109000,UNIT
"PILOT LIGHT ASSY.,1",8512209900,UNIT
ENG. CONT UNIT ASSY,8511109000,UNIT
METER ASSY.,9029201000,UNIT
"BOLT,FLG. DEEP RECESS(S/HEAD)",7318159000,KGM
"BOLT,HEX.SOCKET BUTTON",7318159000,KGM
"SCREW,BINDING HEAD(+)",7318159000,KGM
"SCREW,RD.TAPPING",7318159000,KGM
"PIN, W/HOLE",7318239000,KGM
RIVET,7318239000,KGM
HOSE CLAMP ASSY.,4009429000,KGM
"SPRG.,COMPRESSION",7320209000,KGM
"DAMPER,PLATE",8714109000,KGM
"WHEEL,CAST",8714109000,KGM
PROTECTOR,8714109000,KGM
"HOSE,BRAKE 2",4009429000,KGM
"FR. FLASHER LIGHT ASSY.,1",8512202000,UNIT
"FR. FLASHER LIGHT ASSY.,2",8512202000,UNIT
"HEAD LIGHT UNIT ASSY.,1",8512202000,UNIT
"LEVER HOLDER ASSY.,1",8714109000,KGM
"BOLT,WIRE ADJ.",7318159000,KGM
"SPRG.,TORSION",7320209000,KGM
BALL,8482100000,UNIT
TAIL LIGHT UNIT ASSY.,8512209100,UNIT
DIODE ASSY,8714109000,KGM
CLAMP,7326909990,KGM
"NUT,HEXAGON",7318169000,KGM
"BOLT,HEX. SOCKET",7318159000,KGM
"BOLT,HEX. SOCKET BUTOON",7318159000,KGM
"BRG.,STEERING UPPER (2TD-F3873-00)",8482100000,UNIT
"BRG.,STEERING UPPER (5BP-F3873-01)",8482100000,UNIT
"COLLAR,SHAFT",8714109000,KGM
COLLAR (90387-06882),8714109000,KGM
COLLAR (90387-06619),8714109000,KGM
"COLLAR,WHEEL SHAFT",8714109000,KGM
"COLLAR,WHEEL SHAFT 2",8714109000,KGM
"WASHER,PLAIN (90201-15814)",7318220000,KGM
"COVER,1",8714109000,KGM
"COVER,CONNECTOR",8714109000,KGM
"END,GRIP",8714109000,KGM
FLASHER RELAY ASSY,8536419900,KGM
GASKET,8484100000,KGM
GRIP ASSY.,8714109000,KGM
"GRIP,1",8714109000,KGM
"GSKT.,EXT. 1",8484100000,KGM
"MIRROR ASSY.,1",7009100000,KGM
"MIRROR ASSY.,2",7009100000,KGM
"NUT,FLANGE",7318169000,KGM
"PIPE,2",8714109000,KGM
"REFLECTOR,1",8714991100,KGM
RELAY ASSY.,7318159000,KGM
"RETAINER, BALL BEARING",8482100000,UNIT
"SCREW,CROSSRECESS ROUND",7318159000,KGM
"SCREW,RD. TAPPING",7318159000,KGM
SINGLE SEAT ASSY.,8714109000,KGM
TANDEM SEAT ASSY.,8714109000,KGM
TOOL KIT,8206000000,KGM
"REFLECTOR,1",8714109000,KGM
SEAL,8484900000,KGM
"SEAL,2",8484900000,KGM
"FR. FLASHER LIGHT ASSY.,1",8512209100,UNIT
"FR. FLASHER LIGHT ASSY.,2",8512209100,UNIT
"RR.FLASHER LIGHT ASSY.,1",8512209100,UNIT
"RR.FLASHER LIGHT ASSY.,2",8512209100,UNIT
"NUT, CAP",7318169000,KGM
TAIL LIGHT UNIT ASSY,8512209100,UNIT
"BOLT,HEX.SOCKE",7318159000,KGM
BRG,8482100000,UNIT
DAMPER,8714109000,KGM
GROMMET,4006909000,KGM
JOINT,8714109000,KGM
PLUG,8511102000,UNIT
"PROTECTOR,WIRE HARNESS",8714109000,KGM
"PLATE,NOISE",8714109000,KGM
"WASHER,PLATE",7318220000,KGM
SPACER,8714109000,KGM
"NUT,ADJ.",7318169000,KGM
"LABEL,UNR-ECE",3919109900,KGM
"LABEL,WARNING",3919109900,KGM
CLAMP,3926904900,KGM
"DISK,BRAKE FR. RH.",8714109000,KGM
MAIN SW. STRG. LOCK SUB ASSY.,8536509990,KGM
"SEAL,OIL",4016931000,KGM
"SCREW, PAN HEAD W/WASHER",7318169000,KGM
"SCREW,PAN HEAD (+)",7318169000,KGM
"CATALYST,1",8714109000,KGM
"BOARD,FOOTREST",8714109000,KGM
BOLT BUTTON HEAD,7318159000,KGM
"BOX,BATTERY 1",8714109000,KGM
CIRCLIP(E),7326903000,KGM
COVER,8714109000,KGM
"COVER,BALL RACE 1",8714109000,KGM
"COVER,FRONT",8714109000,KGM
"COVER,HANDLE 1",8714109000,KGM
"COVER,HANDLE 2",8714109000,KGM
"COVER,METER",8714109000,KGM
"COVER,SIDE",8714109000,KGM
"COVER,SIDE 2",8714109000,KGM
DBL. SEAT ASSY.,9401209000,UNIT
ENGINE BRACKET SUB ASSY,8714109000,KGM
ENG.CONT.UNIT ASSY.,8511109000,UNIT
FENDER,8714109000,KGM
"FENDER,INNER",8714109000,KGM
FR.STOP SWITCH ASSY.,8536509990,KGM
FUSE,8536509500,KGM
GEAR UNIT ASSY.,8483409000,UNIT
HANDLE COMP.,8714109000,KGM
HEAD LIGHT ASSY.,8512202000,UNIT
HORN,8512301000,UNIT
KICK CRANK ASSY.,8714109000,KGM
LEG SHIELD ASSY.,8714109000,KGM
"LEVER,2",8714109000,KGM
LEVER CAMSHAFT 1,8714109000,KGM
"MOLE,1",8714109000,KGM
"MOLE,2",8714109000,KGM
"NUT,SPRG.",7318169000,KGM
"PANEL,1",8714109000,KGM
"PANEL,2",8714109000,KGM
PIN,7318240000,KGM
RESISTOR ASSY,8714109000,KGM
"SCREW,PANHEAD(+)",7318159000,KGM
"SHIELD,LEG 1",8714109000,KGM
"SW.,SIDE STAND",8536509990,KGM
"THROTTLE WIRE ASSY.,1",8544301900,KGM
"TUBE,FLEXIBLE VINYL",8714109000,KGM
"WIRE,BRAKE 2",8544301900,KGM
"WIRE,SEAT LOCK",8544301900,KGM
BOX 1,8714109000,KGM
"RETAINER, BALL BEARING",8482990000,KGM
RECTIFIER REGULATOR ASSY,8504409000,UNIT
"WASHER,PLAIN  (90201-16810)",7318220000,KGM
"WASHER,PLAIN  (90201-10118)",7318220000,KGM
"EMBLEM,1",8421109000,UNIT
AIR FILTER SUB ASSY,8714109000,KGM
"ARM,2",8714109000,KGM
"BOLT,FLG. (SMALL HEAD)  95022-06014",7318159000,KGM
"BOLT,HEX. SOCKET HEAD 17",7318159000,KGM
"BOLT,HEX. SOCKET HEAD 19",7318159000,KGM
"BOLT,HEX. W/WASHER  90119-06155",7318159000,KGM
BRKT.,8714109000,KGM
"BRKT.,SIDE STAND",8714109000,KGM
BUZZER,8512301000,UNIT
"CATALYST,1",3815120000,KGM
CLAMP (90464-10008),7326909900,KGM
CLAMP (90464-16012),7326909900,KGM
CLAMP (90464-34002),7326909900,KGM
CLAMP,7326909900,KGM
CLIP,7326909900,KGM
"DAMPER,PLATE (90520-02859)",8714109000,KGM
ENG. CONT. UNIT ASSY.,8511304900,KGM
FLASHER RELAY ASSY.,8536414000,UNIT
FUEL PUMP COMP.,8413303000,KGM
GROMMET,8714109000,UNIT
"HEAD LIGHT UNIT ASSY.,1",8512209100,KGM
"HEAD LIGHT UNIT ASSY.,2",8512209100,UNIT
HOSE,4009429000,KGM
IGN. COIL ASSY.,8511304900,KGM
"KNOB COMP.,1",8714109000,UNIT
MAIN SW. STRG. LOCK ASSY.,8536509990,KGM
"NUT,U FLANGE (95602-06200)",7318169000,KGM
"NUT,U FLANGE (95602-08200)",7318169000,KGM
"PIN,W/HOLE",7318240000,KGM
PLUG CAP ASSY.,8536901900,KGM
"RACE,BALL 1",8482100000,KGM
"RACE,BALL 2",8482100000,UNIT
"REFLECTOR,1",8513903000,KGM
RELAY ASSY.,8536414000,UNIT
REMOTE CONT. UNIT ASSY.,8511304900,KGM
"RETAINER,BALL BEARING",8482100000,KGM
ROTOR COMP.,8414209000,UNIT
"SCREW,BINDING HEAD (+)",7318159000,KGM
SEAL,4016932000,KGM
"SEAL,OIL",4016932000,KGM
"STAY,ENGINE 1",8714109000,KGM
STOP SWITCH ASSY.,8536509900,KGM
"SW.,HANDLE 3",8536509900,KGM
TAIL LIGHT UNIT ASSY.,8714109000,KGM
TAPE,8714109000,UNIT
TERMINAL COMP.,8714109000,KGM
"WIRE,SEAT LOCK 2",8544309900,KGM
"RR. REFLECTOR ASSY.,1",8714109000,KGM
"ARM,RR. 1",8714109000,KGM
"BAR,LOCK",8714109000,KGM
"BATTERY ASSY.,2",7907009300,KGM
"BOARD,FOOTREST 2",8714109000,KGM
"BODY,COWLING",8714109000,KGM
"BODY,COWLING 2",8714109000,KGM
BOLT UNION,7318159000,KGM
"BOLT, 1",7318159000,KGM
"BOLT, FLG. DEEP RECESS(S/HEAD)",7318159000,KGM
"BOLT, HEX SOCKET HEAD",7318159000,KGM
"BOLT,. FLANGE",7318159000,KGM
"BOLT., HEX. SOCKET",7318159000,KGM
"BOLT., HEX. W/WASHER",7318159000,KGM
"BOX,1",8714109000,KGM
"BOX,SPARK PLUG",8714109000,KGM
"BRACKET,MAIN SWITCH",8714109000,KGM
BRG.,8482100000,UNIT
"BRKT.,FUEL PUMP",8714109000,KGM
CIRCLIP (E),7326909900,KGM
"COVER, BALL RACE 1",8714109000,KGM
"COVER, FILLER",8714109000,KGM
"COVER, MAIN SWITCH",8714109000,KGM
"COVER, SIDE 1",8714109000,KGM
"COVER, UNDER",8714109000,KGM
"COVER,2",8714109000,KGM
"COVER,BTRY.",8714109000,KGM
"COVER,CRANKCASE 3",8714109000,KGM
"COVER,FRONT 2",8714109000,KGM
"COVER,HANDLE UNDER 1",8714109000,KGM
"COVER,RADIATOR",8714109000,KGM
"COVER,REAR FENDER",8714109000,KGM
"COVER,SEAT LOCK",8714109000,KGM
"COVER,SIDE 3",8714109000,KGM
"COVER,SIDE 4",8714109000,KGM
"COVER,SIDE 5",8714109000,KGM
"COVER,SIDE 6",8714109000,KGM
"COVER,TAIL LIGHT",8714109000,KGM
"COVER,UNDER 1",8714109000,KGM
"DAMPER,7",8714109000,KGM
"DAMPER,9",8714109000,KGM
DBL. SEAT ASSY.,3919909900,KGM
"DRIVER PLUS,MINUS",8714109000,KGM
"ELEMENT,1",8714109000,KGM
EMBLEM,4821109000,KGM
EMBLEM 3D,4821109000,KGM
"EMBLEM,HANDLE",4821109000,KGM
ENG. ASSY.,8407321900,UNIT
ENGINE BRACKET COMP.SUB ASSY,8714109000,KGM
FENDER 2,3919909900,KGM
FLAP,8714109000,KGM
"FR. FLASHER LIGHT ASSY., 1",8512209100,UNIT
"FR. FLASHER LIGHT ASSY., 2",8512209100,UNIT
FR. FORK ASSY.,8714109000,KGM
FR. WHEEL ASSY.,8714109000,KGM
FR. WHEEL SENSOR ASSY.,9031809000,UNIT
FRAME COMP.,8714109000,KGM
FUEL TANK COMP.,8413303000,UNIT
"GRAPHIC,1",3919909900,KGM
GSKT.,8484100000,KGM
"HANDLE,SEAT SUB ASSY",8714109000,KGM
HEAD LIGHT ASSY.,8512209100,UNIT
"HINGE,1 SUB ASSY",8714109000,KGM
HOLDER,8714109000,KGM
"HOLDER,BRAKE HOSE",8714109000,KGM
"HOLDER,BRAKE HOSE 1",8714109000,KGM
"HOLDER,BRAKE HOSE 2",8714109000,KGM
"HOLDER,BRAKE HOSE 3",8714109000,KGM
"HOLDER,BRAKE HOSE 5",8714109000,KGM
"HOLDER,BRAKE HOSE 6",8714109000,KGM
IGN.COIL ASSY.,8511304900,UNIT
INJECTOR ASSY.,8511304900,UNIT
LEG SHIELD ASSY.,3919909900,KGM
LICENSE LIGHT ASSY.,8512209100,UNIT
"LID,1",8512209100,UNIT
"LID,FUEL",8512209100,UNIT
MAIN SWITCH COMP.,8536509900,KGM
MANIFOLD,8714109000,KGM
MAT,8714109000,KGM
"MAT,2",8714109000,KGM
"MAT,3",8714109000,KGM
"MAT,4",8714109000,KGM
"MOLE,SIDE COVER 1",8714109000,KGM
"MOLE,SIDE COVER 2",8714109000,KGM
"MUFF. ASSY.,1",8714109000,KGM
NUT FLANGE,7318169000,KGM
NUT SPRG,7318169000,KGM
NUT SPRING,7318169000,KGM
"NUT, FLANGE",7318169000,KGM
"NUT, FLG",7318169000,KGM
"NUT, HEX",7318169000,KGM
"PANEL,CONSOLE 1",8714109000,KGM
"PANEL,CONSOLE 2 SUB ASSY.",8714109000,KGM
"PIPE,1",8714109000,KGM
PLATE,8714109000,KGM
PLUG,8536901900,KGM
"PLUG,BLIND",8536901900,KGM
"PLUG,HOLE",8536901900,KGM
RAD. SUB ASSY,8714109000,KGM
REFLECTOR 1,8513903000,KGM
"RR. FOOTREST ASSY.,1",8714109000,KGM
"RR. FOOTREST ASSY.,2",8714109000,KGM
RR. MASTER CYLINDER ASSY.,8714109000,KGM
"RR. REFLECTOR ASSY., 1",8513903000,KGM
RR. WHEEL ASSY.,8714109000,KGM
"SCREW, CROSSRECESSED RD.",7318159000,KGM
"SCREW, TRUSS HEAD TAPPING",7318159000,KGM
"SCREW, W/WASHER",7318159000,KGM
"SCREW,RD. TAPPING",7318149000,KGM
SEAL OIL,4016932000,KGM
"SEAL,1",4016932000,KGM
"SEAL,AIR DUCT",4016932000,KGM
"SEAL,PROTECTOR",4016932000,KGM
"SHIELD,LEG 2",8714109000,KGM
"SHOCK ABSORBER,RR.",8714109000,KGM
SPEEDO. ASSY.,9029201000,UNIT
SPRG. SIDE STAND SUB ASSY,7320209000,KGM
"SPRG.,RETURN",7320209000,KGM
SPRING MAIN STAND SUB ASSY,7320209000,KGM
"STAND,MAIN SUB ASSY.",8714109000,KGM
"STAND,SIDE",8714109000,KGM
STARTER GEN. CONT. UNIT ASSY.,8511409900,UNIT
"STAY,1",8714109000,KGM
"STAY,IGN. COIL",8714109000,KGM
"SW.,HANDLE 4",8536509900,KGM
"SW.,SIDE STAND",8536509900,KGM
THROTTLE BODY ASSY.,8409994100,KGM
"THROTTLE WIRE ASSY.,1",8544309900,KGM
TUNING FORK MARK 3D,4821109000,KGM
VISOR,8714109000,KGM
WASHER PLAIN,7318220000,KGM
WASHER SPECIAL,7318220000,KGM
WIRE HARNESS ASSY.,8544309900,KGM
"WIRE,PULL",8544309900,KGM
"WIRE,SEAT LOCK",8544309900,KGM
"BAND,BATTERY",8714109000,KGM
"CAP,GRIP UNDER",8714109000,KGM
"CAP,GRIP UPPER",8714109000,KGM
"CASE,CHAIN 1",8714109000,KGM
"COVER,CHAIN CASE 1",8714109000,KGM
"COVER,PUMP",8714109000,KGM
"DAMPER,LOCATING 1",8714109000,KGM
"DAMPER,LOCATING 2",8714109000,KGM
DBL. SEAT ASSY.,8714109000,KGM
DIMMER SW. COMP.,8536509990,KGM
"FENDER,2",8714109000,KGM
FLASHER RELAY ASSY.,8536419100,KGM
FR. FLASHER LIGHT ASSY.,8512202000,UNIT
FUSE,8714109000,KGM
"HOLDER,BRAKE HOSE",8413303000,UNIT
"PANEL,FRONT",8714109000,KGM
"PANEL,INNER 1",8714109000,KGM
"PANEL,INNER 2",8714109000,KGM
"PIN,CYL. HEAD W/HOLE",7318240000,KGM
"PROTECTOR,MUFF. 1",8714109000,KGM
"SCREW,CROSSRECESSED BINDING",7318159000,KGM
SEAL,4016939000,KGM
"SEAL,OIL",4016939000,KGM
SENDER,9026109000,UNIT
SPEEDO. CABLE ASSY.,9029201000,UNIT
"STAY,FUSE BOX",8714109000,KGM
STOP SWITCH ASSY.,8714109000,KGM
"SW.,HANDLE 2",8536509990,KGM
"WASHER,SPECIAL",7318220000,KGM
AXLE WHEEL FR,8714109000,KGM
"AXLE, WHEEL RR.",8714109000,KGM
"BOLT , HEX SOCKET HEAD",7318159000,KGM
BOLT FLANGE,7318159000,KGM
BOLT HEX W/WASHER,7318159000,KGM
BOLT HEXAGON,7318159000,KGM
"BOLT, FLANGE (SMALL HEAD)",7318159000,KGM
"BOLT, FLANGE DEEP RECESS",7318159000,KGM
"BOLT, HEX. W/WASHER",7318159000,KGM
"BOLT., FLANGE",7318159000,KGM
CAP ASSY,8714109000,KGM
"COVER, BALL RACE 2",8714109000,KGM
"DAMPER,SIDE COVER",8714109000,KGM
DIMMER SW.COMP.,8536509990,KGM
FR. MASTER CYLINDER ASSY,8714109000,KGM
FR.REFLECTOR ASSY 1.,8513903000,KGM
HOSE 1,4009429000,KGM
NUT FLG,7318169000,KGM
NUT HEXAGON,7318169000,KGM
"NUT, U",7318169000,KGM
NUT.SELF-LOCKING,7318169000,KGM
PIN SPLIT,7318240000,KGM
PIN W/HOLE,7318240000,KGM
PIPE. BREATHER 1,8714109000,KGM
"PLATE,FITTING",8714109000,KGM
"RAD, ASSY",8714109000,KGM
RECTIFIER REGULATOR ASSY,8504403000,KGM
RELAY ASSY.,8536411000,KGM
RR. MASTER CYLINDER ASSY,8714109000,KGM
RR.CALIPER ASSY RH,8714109000,KGM
SCREW PAN HEAD),7318159000,KGM
SCREW TRUSS HEAD TAPPING,7318159000,KGM
"SCREW, PAN HEAD",7318159000,KGM
"SEAL,2",4016932000,KGM
"SENSOR,SPEED",9031809000,KGM
SPRING TENSION,7320209000,KGM
"SPRING.,TENSION",7320209000,KGM
"WASHER, PLATE",7318220000,KGM
STARTER SW. COMP.,8511409900,UNIT
AIR FILTER SUB ASSY.,8714109000,KGM
"ARM,RR.1",8714109000,KGM
"ASSIST,GRIP",8714109000,KGM
"ASSIST,GRIP 2",8714109000,KGM
"BOARD,FOOTREST2",8714109000,KGM
"BODY,COWLING2",8714109000,KGM
"BOLT,1",7318159000,KGM
"BRKT.,HOSE",8714109000,KGM
"BTRY. ASSY.,2",7907009300,KGM
"BUSH.,RR. SHOCK ABSORBER",8714109000,KGM
"CAM,SHAFT 1",8483102400,UNIT
CIRCLIP(E),7318240000,KGM
"CLAMP (90464-07805,90464-10802)",3926209000,KGM
CLAMP (90464-50800),7326909900,KGM
CLIP (90467-08003),7326909900,KGM
COMMUN. CONT. UNIT ASSY,8714109000,KGM
"COVER,DUST",8714109000,KGM
"COVER,FILLER",8714109000,KGM
"COVER,FRONT2",8714109000,KGM
"COVER,HANDLE1",8714109000,KGM
"COVER,HINGE 1",8714109000,KGM
"COVER,MAIN SWITCH 2",8714109000,KGM
"COVER,MAINSWITCH",8714109000,KGM
"COVER,METER ASSY",8714109000,KGM
"COVER,SIDE2",8714109000,KGM
"COVER,TAIL 1",8714109000,KGM
"COVER,TAIL2",8714109000,KGM
DRIVER PLUS,8714109000,KGM
ENG BRKT COMP SUB ASSY,8714109000,KGM
"FENDER,INNER SUB ASSY.",8714109000,KGM
FR. FENDER ASSY.,8714109000,KGM
FR. WHEEL SENSOR ASSY.,8714109000,KGM
FR. FLASHER LIGHT ASSY.,8512209100,UNIT
FR.FORKASSY.,8714109000,KGM
FUEL TANK COMP.,8714109000,KGM
"GRIP, DRIVER",8714109000,KGM
"GSKT.,EXT.1",8484100000,KGM
GUIDE,8714109000,KGM
HANDLECOMP.,8714109000,KGM
HINGE,8714109000,KGM
"HINGE,SEAT",8714109000,KGM
"HOLDER,BRAKEHOSE1",8714109000,KGM
"HOSE, FUEL 1",4009429000,KGM
INJECTOR ASSY.,8714109000,KGM
"LEVER,CAMSHAFT 1",8714109000,KGM
LID,8512209100,UNIT
LOCK,8301200000,KGM
METER ASSY.,9029209000,UNIT
"MOLE,SIDECOVER1",8714109000,KGM
"MOLE,SIDECOVER2",8714109000,KGM
"MOLE,SIDECOVER3",8714109000,KGM
"MOLE,SIDECOVER4",8714109000,KGM
"MOLE,SIDECOVER5",8714109000,KGM
"NUT, FLG.",7318169000,KGM
"NUT,SELF-LOCKING (90185-16800)",7318169000,KGM
O2 SENSOR,9029902000,KGM
RAD.SUB ASSY.,8714109000,KGM
RIVET (90269-06812),3926904900,KGM
RIVET (90269-06816),7318239000,KGM
RR. BRAKE SHOE COMP. SET ASSY.,8714109000,KGM
"RR.FOOTRESTASSY.,1",8714109000,KGM
"RR.FOOTRESTASSY.,2",8714109000,KGM
"SCREW, RD. TAPPING",7318159000,KGM
"SHIELD,LEG1",8714109000,KGM
"SHIELD,LEG2",8714109000,KGM
"STAND, MAIN SUB ASSY.",8714109000,KGM
STARTERGEN.CONT.UNITASSY.,8536509990,KGM
"STAY,2",8714109000,KGM
"STAY,3",8714109000,KGM
"STAY,IGN.COIL",8714109000,KGM
"SW.,HANDLE 4",8536509990,KGM
"THROTTLEWIREASSY.,1",8409994100,KGM
"TUBE,CORD 1",8714109000,KGM
"WIRE,BRAKE 2",8544309900,KGM
"WIRE,PULL",8538901100,KGM
"WIRE,SEATLOCK",8544309900,KGM
WIREHARNESSASSY.,8544309900,KGM
CLAMP (90464-14810),7326909990,KGM
"BOLT,FLG.DEEP RECESS",7318159000,KGM
her,7318159000,KGM
"BUSH, RR SHOCK ABSORBER",8714109000,KGM
CLAMP,3926209000,KGM
CLAMP,7326909930,KGM
CLIP,7326909930,KGM
FR.FLASHER LIGHT ASSY.,8512209100,UNIT
FUELTANKCOMP.,8714109000,KGM
"HOSE,BRAKE 3",4009429000,KGM
HYDRAULIC UNIT ASSY.,9032909000,KGM
MAINSW.STRG.LOCKASSY.,8536509990,KGM
"MIRROR ASSY.,1",7009100000,KGM
"MIRROR ASSY.,2",7009100000,KGM
REMOTE CONT. UNIT ASSY.,8543709000,UNIT
ROTOR COMP.,8803100000,KGM
RR. BRAKE SHOE COMP. SET ASSY,8714109000,KGM
SPRG.COMPRESSION,7320209000,KGM
STARTER GEN. CONT. UNIT ASSY.,8536509990,KGM
"STAY,LOCK",8714109000,KGM
TAILLIGHTUNITASSY.,8512209100,KGM
CLAMP (90464-14810),7326903000,KGM
WASHER PLAIN  (90201-10118),7318220000,KGM
DIMMER SW. COMP.,8714109000,KGM
FLASHER RELAY ASSY.,8544309900,KGM
IDLE STOP SW. COMP.,8536509990,KGM
CIRCLIP (E),7326909990,KGM
FUEL PUMP COMP,8413309000,UNIT
HAZARD FLASHER SWITCH ASSY.,8536509990,KGM
"RR. REFLECTOR ASSY.,1",8714991100,KGM
AIR CUT VALVE ASSY.,8714109000,KGM
BAND BATTERY,8714109000,KGM
"BODY,FRONT UPPER 1",8714109000,KGM
BOLT HEX,7318159000,KGM
BOLT HEX SOCKET,7318159000,KGM
"BOLT, FLG (SMALL HEAD)",7318159000,KGM
"BOLT, HEX W/WASHER",7318159000,KGM
"BOLT,HEX SOCKET BUTTON",7318159000,KGM
BOX,8714109000,KGM
BRACKET,8714109000,KGM
BRACKET 1,8714109000,KGM
"BRACKET, METER",8714109000,KGM
BRKT. 5,8714109000,KGM
"BRKT., FUEL TANK 1",8714109000,KGM
"BRKT.,2",8714109000,KGM
"BRKT.,8",8714109000,KGM
"BRKT.,CANISTER",8714109000,KGM
"BRKT.,REFLECTOR 1",8714109000,KGM
"BRKT.,REFLECTOR 2",8714109000,KGM
"BRKT.,TANK FITTING FR.",8714109000,KGM
BUSH.,8714109000,KGM
CANISTER ASSY.,8714109000,KGM
CHAIN,8714109000,KGM
COLLAR SPROCKET SHAFT,8714109000,KGM
"COLLAR,ROD 1",8714109000,KGM
"COLLAR,SPROCKET SHAFT",8714109000,KGM
COVER BALL RACE 2,8714109000,KGM
"COVER, CANISTER",8714109000,KGM
"COVER, LOWER (DPBMC) BFA1",8714109000,KGM
"COVER, UNDER 2 (DPBMC) BFA1",8714109000,KGM
"COVER,7",8714109000,KGM
"COVER,8",8714109000,KGM
"COVER,RECTIFIER REGULATOR",8714109000,KGM
"COVER,STRG.",8714109000,KGM
"COVER,TANK",8714109000,KGM
"COVER,TOP",8714109000,KGM
"CROWN,HANDLE",8714109000,KGM
"DAMPER,MUFF.",8714109000,KGM
"DAMPER,PLATE 1",8714109000,KGM
"DAMPER,WASHER",8714109000,KGM
"DUCT,1",8714109000,KGM
ELBOW,8714109000,KGM
"EMBLEM,YAMAHA",4821109000,KGM
ENGINE CONTROL UNIT ASSY,8511304900,UNIT
EXT. PIPE COMP. 1,8714109000,KGM
FLAP,7318159000,KGM
"FLASHER LIGHT ASSY.,A",8512209100,UNIT
"FLASHER LIGHT ASSY.,B",8512209100,UNIT
"FOOTREST ASSY.,1",8714109000,KGM
"FOOTREST ASSY.,2",8714109000,KGM
FRAME COMP SUB ASSY,8714109000,KGM
FRONT FORK ASSY,8714109000,KGM
FRONT MASTER SUB ASSY,8714109000,KGM
GRAPHIC 1,3919909900,KGM
GRAPHIC 3,3919909900,KGM
"GRILLE,AIR OUTLET 1",8714109000,KGM
"GRILLE,AIR OUTLET 2",8714109000,KGM
"GUARD, MUD",8714109000,KGM
"GUIDE,WIRE 1",8714109000,KGM
"HANDLE,LH.",8714109000,KGM
"HANDLE,RH.",8714109000,KGM
"HOLDER,RESERVE TANK",8714109000,KGM
"HOSE, AIR",8714109000,KGM
"HOSE, BRAKE 1",8714109000,KGM
"HOSE, BRAKE 4",4009429000,KGM
"HOSE,2",4009429000,KGM
"HOSE,3",4009429000,KGM
"HOSE,BEND 1",4009429000,KGM
"HOSE,BEND 2",4009429000,KGM
"HOSE,BRAKE 5",4009429000,KGM
"HOSE,BRAKE 6",4009429000,KGM
HYDRAULIC UNIT ASSY.,8511309900,UNIT
LICENCE LIGHT ASSY,8536509900,KGM
MAIN SW. STRG. LOCK SUB ASSY,8512209100,UNIT
METER ASSY,9029201000,UNIT
"MOLD,FUEL TANK",8714109000,KGM
"MOLE,SIDE COVER 3",8714109000,KGM
O2 SENSOR,9027900000,KGM
O-RING,4016932000,KGM
"PAD,BATTERY 1",8714109000,KGM
PANEL 2 (DPBMC) BFA1,8714109000,KGM
"PANEL, 1",8714109000,KGM
"PANEL, 3",8714109000,KGM
"PANEL, 4",8714109000,KGM
"PANEL, INNER 3",8714109000,KGM
"PANEL,INNER 4",8714109000,KGM
"PANEL,INNER 5",8714109000,KGM
PIPE 1,8714109000,KGM
PIPE 2,8714109000,KGM
PIPE 6,8714109000,KGM
PIPE 7,8714109000,KGM
"PIPE,4",8714109000,KGM
"PIPE,5",8714109000,KGM
"PIPE,BALANCE 1",8714109000,KGM
"PIPE,BALANCE 2",8714109000,KGM
"PIPE,BREATHER",8714109000,KGM
"PIPE,DRAIN 2",8714109000,KGM
"PIPE,JOINT 1",8714109000,KGM
"PLATE,1",8714109000,KGM
"PLATE,2",8714109000,KGM
"PLATE,RUBBER 1",8714109000,KGM
"PLATE,RUBBER 2",8714109000,KGM
"PLATE,RUBBER 3",8714109000,KGM
"PROTECTOR,EXT. PIPE",8714109000,KGM
"PULLER,CHAIN 1 ASSY",8714109000,KGM
REINF.,8714109000,KGM
ROLL OVER VALVE ASSY.,8714109000,KGM
RR. ARM COMP.,8714109000,KGM
RR. MASTER CYL. ASSY. 2,8714109000,KGM
RR. REFLECTOR ASSY 1,8513903000,KGM
RR. WHEEL ASSY,8714109000,KGM
"RR.CALIPER ASSY., RH.",8714109000,KGM
"SEAL,GUARD",4016932000,KGM
"SEAT,1",8714109000,KGM
"SENSOR,LEAN ANGLE",9027900000,UNIT
SINGLE SEAT ASSY,8714109000,KGM
STARTER RELAY ASSY.,8511409900,UNIT
"STAY, FLASHER 1",8714109000,KGM
"STAY,HORN",8714109000,KGM
"SW., SIDE STAND",8536509990,KGM
"SWITCH, HANDLE 2",8536509990,KGM
TANDEM SEAT ASSY,8714109000,KGM
THROTTLE CABLE ASSY,8544309900,KGM
TOOL KIT,8466101000,KGM
"TRIM,COWLING",8714109000,KGM
"TUNING FORK MARK,3D",4821109000,KGM
"VALVE,CHECK",8714109000,KGM
"WINDOW,FR.",8714109000,KGM
WIRE HARNESS ASSY,8544309900,KGM
"WIRE,CLUTCH",8544309900,KGM
"WIRE,HOLDER 1",8544309900,KGM
"WIRE,HOLDER 2",8544309900,KGM
"WIRE,PLUS LEAD 1",8544309900,KGM
WT.,8714109000,KGM
BOLT FLANGE (SMALL HEAD),7318159000,KGM
"BOLT, HEX. SOCKET HEAD",7318159000,KGM
BRACKET 10,8714109000,KGM
"BRACKET,STAY",8714109000,KGM
"BRKT.,METER",8714109000,KGM
COVER 2,8714109000,UNIT
"COVER, SIDE 6",8714109000,KGM
"COVER,AIR FILTER",8714109000,KGM
"COVER,FLASHER 1",8714109000,KGM
"COVER,FLASHER 2",8714109000,KGM
"COVER,HEAD LIGHT",8714109000,KGM
"COVER,TANK SIDE 1",8714109000,KGM
"COVER,TANK SIDE 2",8714109000,KGM
"COVER,UNDER",8714109000,KGM
DAMPER SIDE COVER,8714109000,KGM
"DUCT,2",8714109000,KGM
"DUCT,AIR",8714109000,KGM
"EMBLEM, YAMAHA (DPBMC) BFB1",4821109000,KGM
FLASHER CONT. UNIT ASSY.,8511304900,UNIT
FR. WHEEL SENSOR ASSY.,9027909900,KGM
GRAPHIC,3919909900,KGM
GRAPHIC 1  (DPBMC) BFB1,3919909900,KGM
GRAPHIC 1 (DPBMC) BFB1,3919909900,KGM
GRAPHIC 2  (DPBMC) BFB1,3919909900,KGM
"GRILLE,AIR INTAKE 1",8714109000,KGM
"GRILLE,AIR INTAKE 2",8714109000,KGM
"GUARD,FLAP",8714109000,KGM
"GUIDE,AIR 1",8714109000,KGM
"GUIDE,AIR 2",8714109000,KGM
"GUIDE,AIR 3",8714109000,KGM
"GUIDE,AIR 4",8714109000,KGM
"GUIDE,WIRE",8714109000,KGM
HANDLE,8714109000,KGM
"HOLDER,HANDLE UNDER",8714109000,KGM
"HOLDER,HANDLE UPPER",8714109000,KGM
HORN,8714109000,KGM
"HOSE, AIR",4009429000,KGM
"HOSE, BEND 2",4009429000,KGM
"HOSE,BRAKE 4",4009429000,KGM
"LABEL,WARNING",4821109000,KGM
LICENCE LIGHT ASSY,8512209100,UNIT
"LID,SIDE COVER 1",8714109000,KGM
"LID,SIDE COVER 2",8714109000,KGM
MAIN SW. STRG. LOCK SUB ASSY,8536509990,KGM
O2 SENSOR,9027909900,KGM
"POSITION LIGHT ASSY., 1",8512209100,UNIT
RR. WHEEL SENSOR ASSY.,9027909900,KGM
"SCOOP,AIR 1",8714109000,KGM
"SCOOP,AIR 2",8714109000,KGM
"SCREW,PAN HEAD TAPPING (+)",7318159000,KGM
"SENSOR,LEAN ANGLE",9027909900,KGM
"STAY,FLAP",8714109000,KGM
"STAY,HEAD LIGHT 1",8714109000,KGM
"STAY,HEAD LIGHT INNER",8714109000,KGM
TUNING FORK MARK,4821109000,KGM
"WAY,3",8714109000,KGM
"ARM,RELAY 1",8714109000,KGM
BAND SWITCH CORD,8714109000,KGM
BODY ASSY.,8714109000,KGM
BOLT FLANGE SMALL HEAD,7318159000,KGM
BOLT HEX HEAD W/WASHER,7318159000,KGM
BOLT HEX. W/WASHER,7318159000,KGM
"BOLT, BUTTON HEAD",7318159000,KGM
"BOLT, FLANGE",7318159000,KGM
"BOLT, FLG. DEEP RECESS",7318159000,KGM
"BOLT, HEX.",7318159000,KGM
"BOLT, HEX. SOCKET",7318159000,KGM
"BOLT, HEX. SOCKET BUTTON",7318159000,KGM
"BRG, STEERING UPPER",8482100000,UNIT
"BRKT., UNDER COVER 1",8714109000,KGM
"BRKT., UNDER COVER 2",8714109000,KGM
"BRKT.,4",8714109000,KGM
"BRKT.,5",8714109000,KGM
"BRKT.,FUEL TANK 1",8714109000,KGM
"BRKT.,SEAT",8714109000,KGM
"BRKT.,SEAT LOCK",8714109000,KGM
"BRKT.,STAY HEAD LIGHT 1",8714109000,KGM
"CAP, INJECTOR",8714109000,KGM
"CAP,ROTOR",8714109000,KGM
CHANGE PEDAL ASSY,8714109000,KGM
COVER LEVER,8714109000,KGM
"COVER, HEAD LIGHT",8714109000,KGM
"COVER,MAIN SWITCH",8714109000,KGM
"COVER,OUTER 1",8714109000,KGM
"COVER,SHIFT PEDAL",8714109000,KGM
"COVER,SIDE 3 SUB ASSY.",8714109000,KGM
"COVER,SIDE 4 SUB ASSY.",8714109000,KGM
"COVER,TANK SIDE 1",8512209100,UNIT
"COVER,UNDER 2",8714109000,KGM
"DAMPER,PLATE 2",8714109000,KGM
FOOTREST,8714109000,KGM
"FOOTREST,3",8714109000,KGM
"FOOTREST,4",8714109000,KGM
FUSE HOLDER ASSY.,8714109000,KGM
GRAPHIC 3 (DPBMC) BHM3,3919909900,KGM
GRAPHIC 4 (DPBMC) BHM3,3919909900,KGM
"GUARD,MUD",8714109000,KGM
"GUARD,MUD 1",8714109000,KGM
"HANDLE,SUB ASSY.",8714109000,KGM
"HOLDER,DRIVE SPROCKET",8714109000,KGM
INJECTOR ASSY,8413303000,UNIT
"LABEL,TIRE",4821109000,KGM
MAIN SW. STRG. LOCK SUB ASSY,8536509900,KGM
"NUT, SPRING",7318169000,KGM
"NUT,CAP",7318169000,KGM
"PANEL,INNER 3",8714109000,KGM
PEDAL BRAKE,8714109000,KGM
"PILOT LIGHT ASSY.,1",8512209100,UNIT
"PILOT LIGHT ASSY.,2",8512209100,UNIT
"PIN,W/HEAD",7318240000,KGM
"PIPE, FUEL 1",4009429000,KGM
"PLATE,LOCK",8714109000,KGM
"PLATE,RECTIFIER FITTING",8714109000,KGM
"ROD,CONNECTING 1",8714109000,KGM
RR. FENDER COVER COMP.,8714109000,KGM
"RR. FLASHER LIGHT ASSY.,1",8512209100,UNIT
"RR. FLASHER LIGHT ASSY.,2",8512209100,UNIT
"RR. REFLECTOR ASSY.,1",8513903000,KGM
RR. STAY COMP.,8714109000,KGM
SCREW PAN HEAD (+),7318159000,KGM
"SCREW., PAN HEAD (+)",7318159000,KGM
"SEAT,KNEE GRIP 1",8714109000,KGM
"SEAT,KNEE GRIP 2",8714109000,KGM
SENSOR LEAN ANGLE,9031809000,UNIT
SPRG SIDE STAND SUB ASSY,7320209000,KGM
"SPRG., TORSION",7320209000,KGM
STARTER RELAY ASSY.,8536509900,KGM
STAY MAIN SWITCH COMP.,8714109000,KGM
"STAY,FLASHER 1",8714109000,KGM
"STAY,HEAD LIGHT",8714109000,KGM
"STAY,PLATE",8714109000,KGM
"STAY,STOP SWITCH",8714109000,KGM
"SW.,HANDLE 1",8536509900,KGM
"ARM,SHIFT",8714109000,KGM
BALL,8714109000,KGM
BAND,7318159000,KGM
BAND,8512209100,UNIT
"BTRY. ASSY.,2",8714109000,KGM
"BODY,COWLING",7318159000,KGM
"BOLT,  WIRE ADJ",7318159000,KGM
"BOLT, HEX.  SOCKET HEAD",7318159000,KGM
"BOLT, LEVER",7318159000,KGM
"BOLT,FLG.",7907009300,KGM
"BOLT,FLG.",8714109000,KGM
"BOLT,UNION",8714109000,KGM
"BOLT., HEX. SOCKET BUTTON",7318159000,KGM
"BRAKE HOSE ASSY.,1",4009429000,KGM
"BRAKE HOSE ASSY.,2",4009429000,KGM
"BRAKE HOSE ASSY.,3",4009429000,KGM
"BRAKE HOSE ASSY.,4",4009429000,KGM
"BRG., STEERING UPPER",8482100000,UNIT
BRKT. UNIT,7318159000,KGM
"BRKT.,1",8536419100,KGM
"BRKT.,2",8512209100,UNIT
"BRKT.,SEAT FITTING 1",8714109000,KGM
"BRKT.,UNDER COVER 1",8511304900,UNIT
"BRKT.,UNDER COVER 2",8512209100,UNIT
"COLLAR, LEVER 1",8714109000,KGM
COMMUN.CONT.UNIT ASSY,8511304900,UNIT
"COVER,7",7318159000,KGM
"COVER,8",7318159000,KGM
"COVER,FLANGE",8714109000,KGM
"COVER,METER",8512209100,UNIT
"COVER,SIDE 3",7318159000,KGM
"COVER,SIDE 4",7318159000,KGM
"COVER,TANK",7318159000,KGM
"COVER,TANK SIDE  2",7318159000,KGM
"COVER,TANK SIDE 1",7318159000,KGM
"CROWN,HANDLE",8407321900,UNIT
"DAMPER,3",8714109000,KGM
EMBLEM,8714109000,KGM
ENG. ASSY.,7318159000,KGM
ENG. CONT. UNIT ASSY.,7318159000,KGM
FUEL TANK COMP.,8511304900,UNIT
"GRIP,DRIVER",8714109000,KGM
"GSKT.,EXT. 1",8484900000,KGM
"HANDLE,LH SUB ASSY.",8714109000,KGM
"HANDLE,RH SUB ASSY.",8714109000,KGM
"HOLDER, LEVER 1",8714109000,KGM
IGN. COIL ASSY.,8714109000,KGM
INJECTOR ASSY,8714109000,KGM
"JT.,ROD 1",8714109000,KGM
"LEVER,1",8714109000,KGM
MAIN SW. STRG. LOCK SUB ASSY,7318159000,KGM
METER ASSY.,8536509990,KGM
"MUFF. ASSY.,1",7318159000,KGM
"NUT,S/L",7318169000,KGM
"NUT,SQUARE",7318169000,KGM
"PAD,SEAT",8714109000,KGM
"PANEL,1",7318159000,KGM
"PANEL,3",8714109000,KGM
"PANEL,4",8714109000,KGM
"PANEL,CONSOLE 2",8714109000,KGM
"PANEL,INNER 1",7318169000,KGM
PEDAL SHIFT SUB ASSY,8714109000,KGM
"PEDAL, BRAKE",8714109000,KGM
"PILOT LIGHT ASSY.,2",8714109000,KGM
"PIN, W/HOLE",7318240000,KGM
RADIATOR ASSY,8714109000,KGM
"ROD,SHIFT",8714109000,KGM
RR. MASTER CYL. ASSY. 2,8512209100,UNIT
RR. WHEEL SENSOR ASSY.,8714109000,KGM
SCREW,8714109000,KGM
SCREW PAN HEAD (+),8714109000,KGM
SCREW TRUSS HEAD TAPPING,8714109000,KGM
"SCREW,C/RECD. C/SUNK",7318159000,KGM
"SCREW,CROSSRECESSED RD.",7318159000,KGM
SHIFT SWITCH ASSY.,8714109000,KGM
"SHOCK ABSORBER,RR.",7318159000,KGM
SPRING COMPRESSION,7320209000,KGM
SPRING;TENSION,7320209000,KGM
"STAY, STOP SWITCH",8714109000,KGM
"STAY,1",8536509990,KGM
"STAY,FENDER 1",8714109000,KGM
"STAY,SIDE COVER 1",8714109000,KGM
SW.,8536509990,KGM
"SW.,HANDLE RH.",7318240000,KGM
THROTTLE BODY ASSY.,8714109000,KGM
WIRE HARNESS ASSY.,8512209100,UNIT
"WIRE,HOLDER 1",4821109000,KGM
"WIRE,PLUS LEAD 1",8714109000,KGM
"WIRE,THROTTLE 1",8544309900,KGM
"WIRE,THROTTLE 2",8544309900,KGM
"WRENCH,HEXAGON 8",8714109000,KGM
ROLL OVER VALVE ASSY,8714109000,KGM
LAMP ACCESSORY,8512209900,UNIT
DAMPER (5MX-F2216-00) &4G0-21639-00,8714109000,KGM
REMOTE CONT UNIT ASSY,8543702000,UNIT
BUZZER,8714109000,KGM
FR WHEEL SENSOR ASSY,8714109000,KGM
REFLECTOR 1,8512209100,UNIT
ARM,8714109000,KGM
"BOLT,HEX.S",7318159000,KGM
"SCREU,TRUSS HEAD TAPPING",7318159000,KGM
"SCREW, CROSSRECESS ROUND",7318159000,KGM
"SCREW, PAN TAPPING",7318159000,KGM
HYDRAULIC UNIT ASSY,8413309000,UNIT
"NUT, S/L FLG.",7318169000,KGM
"NUT,HEXAGON & NUT,HEX",7318169000,KGM
BRG (93306-300YN),8482100000,UNIT
CLIP (90467-13064),7326909900,KGM
NUT (90179-25002),7318169000,KGM
"NUT, S/L (95614-12100)",7318169000,KGM
"NUT, S/L FLG. (95607-06200)",7318169000,KGM
"NUT, SELF LOCKING (90185-10091)",7318169000,KGM
BOLT WIRE ADJUSTING,7318159000,KGM
"BOLT, FLG.",7318159000,KGM
"BOSS, WIRE HOLDER",8714109000,KGM
CAP INJECTOR,8714109000,KGM
FOOTREST REAR 1,8714109000,KGM
FOOTREST REAR 2,8714109000,KGM
"FR.CALIPER ASSY.,RH.",8714109000,KGM
HANGER HELMET,8714109000,KGM
"LEVER HOLDER ASSY., 1",8714109000,KGM
NUT SELF LOCKING (90185-10091),7318169000,KGM
"NUT, S/L",7318169000,KGM
"NUT,S/L FLG.",7318169000,KGM
PIN SPLIT,7318239000,KGM
PIN W/HOLE,7318239000,KGM
RR. MASTER CYL  ASSY.2,8714109000,KGM
"RR.CALIPER ASSY.,RH.",8714109000,KGM
SCREW PAN HEAD (98502-05014),7318159000,KGM
SEAL OIL,4016939000,KGM
"SPRG., TENSION",7320209000,KGM
"TANK, RECOVERY",8714109000,KGM
NUT 90179-10805,7318169000,KGM
SEAL 2ND-F414G-00,4016939010,KGM
CLAMP                                                         90464-16012                                          90464-54086,7326909990,KGM
"NUT,HEXAGON NUT,HEX.",7318169000,KGM
"CAP,2",8714109000,KGM
CIRCLIP (E),7318240000,KGM
COMMUN. CONT. UNIT ASSY,8511304900,UNIT
"DISK,BRAKE RR. RH.",8714109000,KGM
ENG. BRKT. COMP.,8714109000,KGM
"HANDLE,SEAT",8714109000,KGM
"HINGE,1 ASSY.",8714109000,KGM
HYDRAULIC UNIT ASSY.,9032810000,UNIT
MAIN SW. STRG. LOCK ASSY.,8536509900,KGM
"RAD. ASSY.,2",8714109000,KGM
"ROTOR,SENSOR",9031809000,UNIT
RR. WHEEL SENSOR ASSY.,9029902000,KGM
"SEAL,1",4016939000,KGM
"SEAL,AIR DUCT",4016939000,KGM
"SEAL,PROTECTOR",4016939000,KGM
SEAT LOCK ASSY.,4016939000,KGM
"STAND,MAIN ASSY.",8714109000,KGM
"STAY,FENDER 2",8714109000,KGM
"THROTTLE WIRE ASSY.,1",8409994100,KGM
TIRE,4011400000,UNIT
USB ASSY.,8714109000,KGM
"VALVE,RIM",8714109000,KGM
"FR.FLASHER LIGHT ASSY.,1",8512209100,UNIT
"FR.FLASHER LIGHT ASSY.,2",8512209100,UNIT
"NUT, SELF-LOCKING (90185-10011)",7318169000,KGM
"NUT,S/L FLG (95602-08200)",7318169000,KGM
CLAMP                                                       90464-07805                                   90464-12810,3926904900,KGM
"NUT,S/L FLG. (95602-06200)",7318169000,KGM
"NUT,S/L FLG (95602-10200)",7318169000,KGM
"NUT, S/L FLG (95602-14200)",7318169000,KGM
"BATTERY ASSY.,2 & BTRY. ASSY.,2",7907009300,KGM
"BOLT,. FLANGE & BOLT,FLG",7318159000,KGM
"BOLT,HEX.SOCKET W/WASHER & BOLT,HEX. W/WASHER",7318159000,KGM
ENGINE BRACKET COMP.SUB ASSY & ENG. BRKT. COMP. SUB ASSY.,8714109000,KGM
"NUT FLANGE & NUT,FLG",7318169000,KGM
"NUT SPRING & NUT,SPRG.",7318169000,KGM
"NUT, FLANGE & NUT,FLG.",7318169000,KGM
"NUT,SPRING & NUT,SPRG.",7318169000,KGM
"BATTERY ASSY.,2                                          BTRY. ASSY.,2",7907009300,KGM
"BOLT, FLG. DEEP RECESS(S/HEAD) 95E32-06012                                       95E32-06020",7318159000,KGM
"BOLT,. FLANGE                                              BOLT,FLG.                                                      90105-088E8",7318159000,KGM
"BOLT,FLG. DEEP RECESS(S/HEAD) 95E32-08020",7318159000,KGM
"BOLT,HEX.SOCKET W/WASHER               BOLT,HEX. W/WASHER",7318159000,KGM
ENGINE BRACKET COMP.SUB ASSY   ENG. BRKT. COMP. SUB ASSY.,8714109000,KGM
"NUT FLANGE                                         NUT,FLG.                                                          95707-05500",7318169000,KGM
"NUT SPRING                                     NUT,SPRG.                                                          90183-06815",7318169000,KGM
"NUT, FLANGE                                         NUT,FLG.                                                                           95702-08500",7318169000,KGM
"NUT, SELF-LOCKING  90185-10011",7318169000,KGM
"NUT,SELF-LOCKING                               90185-10012                                90185-16801",7318169000,KGM
"NUT,SPRING                                     NUT,SPRG.                                                                                    90183-04039",7318169000,KGM
"SCREW,RD. TAPPING (90160-05014)",7318149000,KGM
"SCREW,RD. TAPPING                              90160-05810                                     90160-05009",7318159000,KGM
COLLAR,7326909900,KGM
"DAMPER,LOCATING 1 & DAMPER LOC.",8714109000,KGM
"NUT,S/L FLG",7318169000,KGM
"SCREW,CROSSRECESSED BINDING & SCREW,CROSSRECESS BINDING",7318159000,KGM
"DAMPER,LOCATING 1                                      DAMPER LOC.",8714109000,KGM
"SCREW,CROSSRECESSED BINDING SCREW,CROSSRECESS BINDING",7318159000,KGM
"BOLT FLANGE & BOLT, FLG.",7318159000,KGM
"BOLT HEXAGON & BOLT,HEX.",7318159000,KGM
"BOLT, FLANGE (SMALL HEAD) & BOLT, FLG. (SMALL HEAD)",7318159000,KGM
"BOLT, FLANGE DEEP RECESS & BOLT, FLG. DEEP RECESS",7318159000,KGM
"BOLT., FLANGE / BOLT, FLG",7318159000,KGM
DIMMER SW.COMP.,8536509900,KGM
"NUT HEXAGON / NUT,HEX",7318169000,KGM
SCREW PAN HEAD / SCREW PAN HEAD (+),7318159000,KGM
"SCREW, PAN HEAD / SCREW, PAN HEAD (+)",7318159000,KGM
"SPRING TENSION & SPRG.,TENSION",7320209000,KGM
"SPRING.,TENSION & SPRG.,TENSION",7320209000,KGM
"SW.,HANDLE 2",8536509900,KGM
"BOLT FLANGE / BOLT, FLG.",7318159000,KGM
"BOLT HEXAGON, BOLT,HEX.",7318159000,KGM
"BOLT, FLANGE (SMALL HEAD) / BOLT, FLG. (SMALL HEAD)",7318159000,KGM
"BOLT, FLANGE DEEP RECESS / BOLT, FLG. DEEP RECESS",7318159000,KGM
"NUT FLANGE / NUT,FLG",7318169000,KGM
"SPRING TENSION / SPRG.,TENSION",7320209000,KGM
"SPRING.,TENSION / SPRG.,TENSION",7320209000,KGM
"WASHER, PLATE / WASHER PLAIN",7318220000,KGM
"BOLT FLANGE                                                    BOLT, FLG.",7318159000,KGM
"BOLT HEXAGON                             BOLT,HEX.",7318159000,KGM
"BOLT, FLANGE (SMALL HEAD)               BOLT, FLG. (SMALL HEAD)",7318159000,KGM
"BOLT, FLANGE DEEP RECESS                BOLT, FLG. DEEP RECESS                     95D32-08016",7318159000,KGM
"NUT FLANGE                                                        NUT,FLG.                                                   95707-05500",7318169000,KGM
"NUT HEXAGON                                                  NUT,HEX.                                                95307-08700",7318169000,KGM
SCREW PAN HEAD                                   SCREW PAN HEAD (+)                                  98517-05010,7318159000,KGM
"SCREW, PAN HEAD                                            SCREW, PAN HEAD (+)                             98507-05025",7318159000,KGM
"SPRING TENSION                             SPRG.,TENSION                                              90506-20041",7320209000,KGM
"SPRING.,TENSION                         SPRG.,TENSION                                          90506-35812",7320209000,KGM
"WASHER, PLATE                                                WASHER PLAIN                                         90201-12688",7318220000,KGM
"BOLT HEXAGON                             BOLT,HEX.                                                         97027-08020",7318159000,KGM
"BOLT, FLANGE (SMALL HEAD)                      BOLT, FLG. (SMALL HEAD)                                    95022-06012",7318159000,KGM
"BOLT., FLANGE                                                  BOLT, FLG",7318159000,KGM
"NUT FLANGE                                                      NUT,FLG.                                                       95707-05500",7318169000,KGM
"NUT HEXAGON                                                 NUT,HEX.                                                      95307-08700",7318169000,KGM
"NUT, SELF-LOCKING 90185-10011",7318169000,KGM
"NUT,SELF-LOCKING 90185-12804",7318169000,KGM
NUT.SELF-LOCKING 90185-10022,7318169000,KGM
SCREW PAN HEAD                                           SCREW PAN HEAD (+)                                              98517-05010,7318159000,KGM
"SCREW, PAN HEAD                            SCREW, PAN HEAD (+)                                  98507-05025",7318159000,KGM
"SPRING TENSION                             SPRG.,TENSION                                             90506-20041",7320209000,KGM
"SPRING.,TENSION                         SPRG.,TENSION                                            90506-35812",7320209000,KGM
"WASHER, PLATE                                               WASHER PLAIN                                           90201-12688",7318220000,KGM
"NUT,SELF-LOCKING (90185-10011)",7318169000,KGM
"CLAMP (90464-07805, 90464-10802)",3926209000,KGM
RIVET  (90269-06812),7318239000,KGM
RIVET  (90269-06816),7318239000,KGM
GROMMET (90480-10003),8714109000,KGM
"SHOCK ABSORBER, RR.",8714109000,KGM
RACE BALL 1 (4FT-F3411-20),8482100000,UNIT
"RR.REFLECTOR ASSY.,1",8513903000,KGM
MAIN SW. STRG. LOCK SUB ASSY.,8536509900,KGM
RACE BALL 1,8482100000,UNIT
RACE BALL 2,8482100000,UNIT
RETAINER BALL BEARING,8482100000,UNIT
"NUT, SELF LOCKING",7318169000,KGM
IDLE STOP SW. COMP.,8536509900,KGM
FR.STOP SWITCH ASSY.,8536509900,KGM
CIRCLIP(E),7326909900,KGM
"SCREW, PAN HEAD(+)",7318159000,KGM
"SCREW, PAN HEAD W/WASHER",7318159000,KGM
HAZARD FLASHER SWITCH ASSY.,8536509900,KGM
"GRILLE,FRONT",8714109000,KGM
"NUT,S/L (95602-06100)",7318169000,KGM
"BOLT FLANGE & BOLT,FLG",7318159000,KGM
BRACKET & BRKT.,8714109000,KGM
"BRACKET 1 & BRKT.,1",8714109000,KGM
"BRACKET, METER & BRKT.,METER",8714109000,KGM
"DAMPER,PLATE (90520-03841)",8714109000,KGM
ENGINE CONTROL UNIT ASSY & ENG. CONT. UNIT ASSY.,8511304900,UNIT
FRONT FORK ASSY & FR. FORK ASSY,8714109000,KGM
"NUT, S/L  FLG.",7318169000,KGM
"PULLER,CHAIN 1 ASSY & PULLER CHAIN SUB-ASSY",8714109000,KGM
"SWITCH, HANDLE 2 & SW.,HANDLE 2",8536509990,KGM
"THROTTLE CABLE ASSY & THROTTLE WIRE ASSY.,1",8544309900,KGM
BOLT (90109-05003),7318159000,KGM
BOLT (90109-060G4),7318159000,KGM
BOLT (90109-085G6),7318159000,KGM
"BOLT,FLG. (90105-14102)",7318159000,KGM
"BOLT,FLG. (95D02-06025)",7318159000,KGM
"BOLT,FLG. (SMALL HEAD) 95027-06016",7318159000,KGM
"BOLT,HEX. SOCKET BUTTON (90111-05018)",7318159000,KGM
"BOLT,HEX. SOCKET BUTTON  (90111-05021)",7318159000,KGM
"BOLT,HEX. SOCKET BUTTON (90111-06117)",7318159000,KGM
"BOLT,HEX. W/WASHER (90119-06309)",7318159000,KGM
"BOLT,HEX.SOCKET (90111-05003)",7318159000,KGM
"BOLT,HEXAGON SOCKET (90110-08071)",7318159000,KGM
BRG.(93320-32403),8481809900,KGM
CLAMP (90464-12013),7326903000,KGM
CLAMP (90464-12015),7326903000,KGM
CLAMP (90464-13227),7326903000,KGM
CLAMP (90464-15014),7326903000,KGM
CLAMP (90464-16012),7326903000,KGM
CLAMP (90464-26001),7326903000,KGM
CLAMP (90464-30001),7326903000,KGM
CLAMP (90464-30009),7326903000,KGM
CLAMP (90464-36005),7326903000,KGM
CLIP (90467-250A1),7326909900,KGM
COLLAR  (90387-05042),8714109000,KGM
COLLAR  (90387-066J9),8714109000,KGM
COLLAR (90387-06M60),8714109000,KGM
DAMPER (5YT-24665-00),8714109000,KGM
FENDER (BS7-F1511-00),8714109000,KGM
FLASHER CONT. UNIT ASSY.,8536419900,KGM
FR. WHEEL SENSOR ASSY.,9029902000,KGM
GROMMET (90480-13001),4006909000,KGM
GROMMET (90480-13398),8714109000,KGM
"LABEL,WARNING",3919909900,KGM
"NUT,FLG.  (95702-05500)",7318169000,KGM
"NUT,SPRING (90183-05M02)",7318169000,KGM
RIVET (90269-05005),7318239000,KGM
RIVET (90269-05008),7318239000,KGM
RIVET (90269-07007),7318239000,KGM
"SCREW,RD. TAPPING (90160-04009)",7318159000,KGM
"WASHER,PLAIN  (90201-04028)",7318220000,KGM
"WAY,3",8482100000,UNIT
"BATTERY ASSY.,2                                               BTRY. ASSY.,2",7907009300,KGM
"BOLT FLANGE (90105-106A7) BOLT,FLG.(90105-106A7)",7318159000,KGM
BOLT HEX SOCKET (90110-05806),7318159000,KGM
"BOLT,HEX.SOCKET HEAD (90110-05809)",7318159000,KGM
"BOLT, FLG. (SMALL HEAD) 95022-06012",7318159000,KGM
"BOLT, FLG. (SMALL HEAD) 95022-06025",7318159000,KGM
"BOLT, FLG. (SMALL HEAD) 95027-06012",7318159000,KGM
BRACKET                                                             BRKT.,8714109000,KGM
"BRACKET 1                                                             BRKT.,1",8714109000,KGM
"BRACKET, METER                                             BRKT.,METER",8714109000,KGM
ENGINE CONTROL UNIT ASSY                        ENG. CONT. UNIT ASSY.,8511304900,UNIT
FRONT FORK ASSY                                            FR. FORK ASSY.,8714109000,KGM
"NUT FLANGE (95707-06500)                          NUT,FLG. (95707-06500)",7318169000,KGM
"PULLER,CHAIN 1 ASSY                                     PULLER CHAIN SUB-ASSY",8714109000,KGM
"SWITCH, HANDLE 2                                          SW.,HANDLE 2",8536509990,KGM
"THROTTLE CABLE ASSY                                     THROTTLE WIRE ASSY.,1",8544309900,KGM
"BATTERY ASSY.,2                                                  BTRY. ASSY.,2",7907009300,KGM
"BOLT FLANGE                                                           BOLT,FLG.",7318159000,KGM
"BOLT FLANGE (SMALL HEAD)                            BOLT,FLG. (SMALL HEAD)",7318159000,KGM
"BOLT HEX SOCKET               BOLT,HEX.SOCKET HEAD",7318159000,KGM
"BRACKET 10                                                             BRKT.,10",8714109000,KGM
"NUT,S/L FLG.(95602-16200)",7318169000,KGM
"NUT, S/L FLG",7318169000,KGM
BOLT HEX  97012-06020,7318159000,KGM
BOLT HEX W/WASHER 90119-06209,7318159000,KGM
"BOLT, HEX W/WASHER                            90119-06810                                 90119-06309                                   90119-05020",7318159000,KGM
"BOLT,HEX. 97022-06030",7318159000,KGM
"BRACKET 1                                                             BRKT.,1                                                     B1X-F175T-00",8714109000,KGM
"BRKT.,1                                                      1WD-F1688-00                                                        B9T-F175T-00                                       B08-F334G-00",8714109000,KGM
COVER 2                                                   BGJ-F117M-00,8714109000,UNIT
"COVER,2                                                               BR5-F163E-01                                               1WD-F2129-01",8714109000,KGM
NUT                                                     90179-25615                                    90179-10805,7318169000,KGM
NUT FLANGE                                            95707-06500,7318169000,KGM
NUT FLG                                                    95707-08500,7318169000,KGM
NUT SPRG                                        90183-06818                                           90183-050A7,7318169000,KGM
"NUT, CAP  90176-06065",7318169000,KGM
"NUT, FLG                                                   95702-06500",7318169000,KGM
"NUT, FLG.                                                 95702-05500",7318169000,KGM
"NUT,ADJ.  4B4-84334-00",7318169000,KGM
"NUT,SPRG.                                                90183-05076",7318169000,KGM
"NUT,SPRING                                             90183-05M02",7318169000,KGM
"NUT, S/L FLG                                    95602-14200                                           95607-08200                                           95602-10200                                         95602-06200",7318169000,KGM
"BATTERY ASSY.,2 & BTRY.ASSY., 2",7907009300,KGM
"BOLT FLANGE (SMALL HEAD) & BOLT,FLG. (SMALL HEAD)",7318159000,KGM
"BOLT HEX HEAD W/WASHER & BOLT,HEX. W/WASHER",7318159000,KGM
"BOLT, FLANGE & BOLT,FLG.",7318159000,KGM
"BOLT, FLANGE & BOLT,FLG",7318159000,KGM
"BOLT, HEX. SOCKET & BOLT,HEXAGON SOCKET",7318159000,KGM
"COVER,SIDE 3 SUB ASSY.& COVER, SIDE 3 ASSY",8714109000,KGM
"COVER,SIDE 4 SUB ASSY.& COVER, SIDE 4 ASSY",8714109000,KGM
"NUT, SPRING & NUT,SPRG",7318169000,KGM
"NUT,SPRG & NUT,SPRG",7318169000,KGM
ENGINE CONTROL UNIT ASSY                  ENG. CONT. UNIT ASSY.,8511304900,UNIT
"BATTERY ASSY.,2
BTRY.ASSY., 2",7907009300,KGM
"BOLT FLANGE (SMALL HEAD)
BOLT,FLG. (SMALL HEAD)                                                                         95022-06012                                                                                                  95027-06010",7318159000,KGM
BOLT FLANGE SMALL HEAD  95027-06025,7318159000,KGM
"BOLT HEX HEAD W/WASHER
BOLT,HEX. W/WASHER
90119-05071",7318159000,KGM
BOLT HEX. W/WASHER 90119-06114,7318159000,KGM
"BOLT, FLANGE
BOLT,FLG.                                                                                          95822-06012                                                                                    95822-06014",7318159000,KGM
"BOLT, HEX. SOCKET
BOLT,HEXAGON SOCKET",7318159000,KGM
"BOLT, HEX. SOCKET BUTTON
90111-05809
90111-05817
90111-06117
90111-06137
90111-06177
90111-06847
90111-06856
BOLT,HEX.SOCKET
90111-05003",7318159000,KGM
"COVER, SIDE 3 SUB ASSY.
COVER, SIDE 3 ASSY",8714109000,KGM
"COVER, SIDE 4 SUB ASSY.
COVER, SIDE 4 ASSY",8714109000,KGM
"NUT, SPRING
NUT,SPRG
90183-06800",7318169000,KGM
"NUT, SPRING
NUT,SPRG
90183-03010",7318169000,KGM
BAND (BDJ-H5546-00),7318159000,KGM
BAND (BDJ-H2591-00),8512209100,UNIT
BAND (BDJ-H2155-00),8714109000,KGM
BOLT FLG. (SMALL HEAD)                                            95022-06012,7318159000,KGM
BOLT FLANGE (SMALL HEAD)                   95027-06025,7318159000,KGM
"BOLT,FLG. (90105-108B9)",7907009300,KGM
"BOLT,FLG. (90105-10886)",8714109000,KGM
"BRKT.,1 (BDJ-F475H-00)",8536419100,KGM
"BRKT.,2 (BDJ-F475J-00)",8512209100,UNIT
CLAMP (90464-50800),7326903000,KGM
HYDRAULIC UNIT ASSY.,9032893900,UNIT
"NUT,HEXAGON                                                  90170-06228",7318169000,KGM
NUT                                                                  90179-04579,7318169000,KGM
NUT                                                                         90179-05849,7318169000,KGM
NUT                                                                         90179-06841,7318169000,KGM
NUT                                                                         90179-08148,7318169000,KGM
NUT                                                                         90179-10805,7318169000,KGM
NUT                                                                         90179-25615,7318169000,KGM
"NUT, FLG.                                                     95702-08500",7318169000,KGM
"NUT, FLANGE                                                     95707-05500",7318169000,KGM
"NUT,S/L (95607-06100)",7318169000,KGM
"NUT,S/L FLG. (95607-06200)",7318169000,KGM
RADIATOR ASSY                                          RAD ASSY,8714109000,KGM
SCREW (90149-10065),8714109000,KGM
"BODY,FRONT UNDER 1",8714109000,KGM
"BODY,FRONT UNDER 2",8714109000,KGM
"BOLT,HEX. SOCKET HEAD (91312-05008/91317-06030)",7318159000,KGM
"BOLT,HEX.SOCKET HEAD (91312-05010/91312-08030)",7318159000,KGM
"BOX,2",8714109000,KGM
"BOX,3",8714109000,KGM
"BOX,4",8714109000,KGM
"BRKT.,DAMPER",8714109000,KGM
"BRKT.,FUEL PUMP 1",8714109000,KGM
"CAP,RAD.",8714109000,KGM
CIRCLIP,7326909900,KGM
CIRCLIP (C-IN),7326909900,KGM
CLAMP,3926903900,KGM
"CLAMP,1",7326909900,KGM
"CLAMP,CABLE",7326909900,KGM
"CLAMP,HOSE",7326909900,KGM
"COLLAR, WHEEL SHAFT 1",8714109000,KGM
"COVER,5",8714109000,KGM
"COVER,6",8714109000,KGM
"COVER,HANDLE UPPER",8714109000,KGM
"DAMPER,4",8714109000,KGM
"DAMPER,5",8714109000,KGM
"ELEMENT,3",8714109000,KGM
ENG. BRKT ASSY.,8714109000,KGM
FR. FORK SUB-ASSY.,8714109000,KGM
FR.WHEEL SENSOR ASSY.,8714109000,KGM
FUEL TANK COMP.,4821109000,KGM
GRAPHIC 1   (MBMN3) BJR1,3919909900,KGM
GRAPHIC 1  (MBMN3) BJR1,3919909900,KGM
GRAPHIC 2    (MBMN3) BJR1,3919909900,KGM
GRAPHIC 2  (MBMN3) BJR1,3919909900,KGM
"HINGE,1",8714109000,KGM
"HOLDER,WIRE",8714109000,KGM
"HOLDER,WIRE 1",8714109000,KGM
"HOSE,BRAKE1",4009429000,KGM
"HOSE,BRAKE2",4009429000,KGM
"HOSE,BRAKE3",4009429000,KGM
"HOSE,BRAKE4",4009429000,KGM
"HOSE,FUEL1",4009429000,KGM
JT.,8714109000,KGM
"LAMP, ACCESSORY",8512209100,UNIT
LICENSE BRACKET ASSY,8714109000,KGM
"LID,2",8512209100,UNIT
"LID,3",8512209100,UNIT
"LID,4",8512209100,UNIT
MOLE,8714109000,KGM
"NUT,SPECIAL",7318169000,KGM
"PIN,SEAT FITTING",7318240000,KGM
"PIPE,3",8714109000,KGM
"PIPE,EXT.1",8714109000,KGM
"PLATE,LOCK1",8714109000,KGM
"PLATE,WINDSHIELD",8714109000,KGM
"PLATE,WINDSHIELD 2",8714109000,KGM
PLUG (90338-07018),8536901900,KGM
PLUG (90338-06809),8536901900,KGM
"PROTECTOR,1",8714109000,KGM
"PROTECTOR,2",8714109000,KGM
"RIVET (90269-06812, 90269-06816)",7318239000,KGM
ROTOR COMP.,8301200000,KGM
"RR.REFLECTOR ASSY., 1",8513903000,KGM
SCREEN,7318159000,KGM
SCREW (90149-06104),7318159000,KGM
"SCREW,CROSSRECESS BINDING",7318159000,KGM
"SCREW,PAN TAPPING",7318159000,KGM
"SCREW,TRUSS HEAD TAPPING (97702-40012)",7318159000,KGM
"STAND,MAIN",8714109000,KGM
STARTER RELAY ASSY.,8714109000,KGM
"STOPPER,PLATE",8714109000,KGM
"SUPT.,FILLER NECK",8714109000,KGM
"SW.,SIDESTAND",8536509900,KGM
"TAIL LIGHT UNIT ASSY.,2",8512209100,UNIT
"TOOL,HOLDER",8466101000,KGM
WIRE,8544309900,KGM
CONNECTED METER ASSY.,9029201000,UNIT
"COVER, REAR FENDER",8714109000,KGM
DAMPER PLATE,8714109000,KGM
LEG SHIELD 2,8714109000,KGM
"REINF.,1",8714109000,KGM
STAY FENDER 2 SUB ASSY,8714109000,KGM
STAY FENDER SUB ASSY,8714109000,KGM
SUB ASSY PANEL CONSOLE 1,8714109000,KGM
SUB ASSY PANEL CONSOLE 2,8714109000,KGM
"SW.,HANDLE 5",8536509900,KGM
"BOLT,FLG.                                                    95812-06010",7318159000,KGM
"BOLT,FLG. DEEP RECESS                            95D32-06020",7318159000,KGM
"BOLT,HEX. SOCKET                                     90110-06245",7318159000,KGM
"BOLT,HEX. SOCKET HEAD                                              91337-06035",7318159000,KGM
"BOLT,HEX. W/WASHER                                                   90119-06235",7318159000,KGM
BRKT.                                                              BKA-F1168-00,8714109000,KGM
CLAMP                                                           90464-34801,7326909900,KGM
CLAMP                                                                   90464-36802,7326909900,KGM
CLAMP                                                                                            90464-04004,7326909900,KGM
CLIP                                                                90467-14015,7326909900,KGM
COLLAR                                                         90387-068G3,8714109000,KGM
COLLAR                                                                                               90387-068S0,8714109000,KGM
COVER                                                            BKA-F8365-00,8714109000,KGM
DAMPER PLATE                                                            90520-03846,8714109000,KGM
DAMPER PLATE                                                             90520-06827,8714109000,KGM
GROMMET                                                      50C-H4759-00,8714109000,KGM
GROMMET                                                     90480-14823,8714109000,KGM
GROMMET                                                      90480-19368,8714109000,KGM
RIVET                                                             90269-06813,7318239000,KGM
RIVET                                                             90269-07014,7318239000,KGM
RIVET                                                             90269-08058,7318239000,KGM
RIVET                                                               90269-08803,7318239000,KGM
"BOLT,FLG",7318159000,KGM
BRKT. UNIT,8714109000,KGM
"ROTOR,SENSOR",9029902000,KGM
PANEL OUTER 1,8714109000,KGM
PANEL OUTER 2,8714109000,KGM
"BAR,TENSION",8714109000,KGM
"BRKT.,HORN",8714109000,KGM
"BRKT.,MIRROR 1",8714109000,KGM
CHANGE PEDAL ASSY.,8714109000,KGM
CLUTCH ASSY.,8708939000,KGM
"COVER,UPPER 1",8714109000,KGM
"COVER,UPPER 2",8714109000,KGM
"DAMPER, PLATE",8714109000,KGM
"GRAPHIC,2",3919909900,KGM
"GRAPHIC,3",3919909900,KGM
MAIN SW SET,8536509900,KGM
MANIFOLD ASSY,8714109000,KGM
MIRROR SET,7009100000,KGM
"NUT, HEX.",7318169000,KGM
PAD,8714109000,KGM
"PEDAL,BRAKE",8714109000,KGM
PIN GUIDE,7318240000,KGM
PIN SPLIT,7318169000,KGM
"PIN,SPLIT",7318169000,KGM
PLATE ASSY.,8714109000,KGM
"PLATE,DAMPER FITTING",8714109000,KGM
"RACE,BALL 1",8714109000,KGM
"RACE,BALL 2",8714109000,KGM
"RETAINER,BALL BEARING",8714109000,KGM
"ROD, BRAKE",8714109000,KGM
SPRG.,7320209000,KGM
STAY,8714109000,KGM
"STAY,MUFF.",8714109000,KGM
